gene_id,baseMean,log2FoldChange,lfcSE,stat,pvalue,padj,group
Pa09g2219,5907.81742466508,6.9076205394832,0.345039225614592,20.0198123189594,3.70112638694968e-89,8.33271594757852e-85,UP
Pa09g2218,5692.3655958357,-3.80927115149667,0.318199856315174,-11.971316378357,5.02253748509821e-33,5.65387044697506e-29,Down
Pa01g0641,1425.1400405796,3.59909254110634,0.374542627001003,9.60930020148734,7.30437188096374e-22,4.11126571320044e-18,UP
Pa05g3019,3784.5978666659,3.11929822798311,0.323768893954261,9.63433574450725,5.72611366334128e-22,4.11126571320044e-18,UP
Pa02g4518,6109.55394257412,2.68161050351057,0.324678788734683,8.25927223013602,1.46563318491241e-16,6.59945310502361e-13,UP
Pa11g2050,1922.58892434454,-2.9225417225994,0.368308493020574,-7.93503755135005,2.10431645986177e-15,7.89609679622131e-12,Down
Pa05g0301,240.781901491198,-4.46470790503082,0.588601695019342,-7.5852787085231,3.3177311580635e-14,1.06707713275202e-10,Down
Pa10g1610,854.685559319367,-6.37568709148991,0.872075609978941,-7.31093384396322,2.65292132300438e-13,7.46598383326509e-10,Down
Pa10g1685,316.162840009748,-5.3768922528894,0.737874235566346,-7.28700365687986,3.16924307917299e-13,7.92803763161119e-10,Down
Pa07g3397,3576.99708776895,-2.77914345273516,0.386692003730531,-7.18696902424657,6.62454319971413e-13,1.49144965598364e-09,Down
Pa03g3629,713.478165625385,-3.97350889772278,0.559613918393015,-7.10044687439706,1.24354131133205e-12,2.54518991666635e-09,Down
Pa05g3086,76.9096725576035,22.4539562793059,3.18244607510684,7.0555653573964,1.71900361404948e-12,3.22513728055917e-09,UP
Pa08g3320,2327.11201793378,-2.82820552924794,0.402737739601804,-7.02244972632625,2.18011461259264e-12,3.77562310676236e-09,Down
Pa11g1707,756.181171883667,-3.19004994948517,0.455531860708604,-7.00291291266187,2.50694676802308e-12,4.03152853823369e-09,Down
Pa06g1129,1424.91655455604,-2.65754858317078,0.384678949505,-6.90848455989203,4.89858292540418e-12,7.35244639883664e-09,Down
Pa06g0438,2831.22726797917,-5.21557943135586,0.778528014783742,-6.69928291893855,2.09444748546291e-11,2.947149417982e-08,Down
Pa05g1105,6655.44360545821,-2.4398834293017,0.367316092062719,-6.64246266914189,3.08484812086553e-11,4.08542768195097e-08,Down
Pa01g3039,4608.56550289644,-3.70529078328026,0.561707689373772,-6.59647509438789,4.21048194773295e-11,5.26637725395887e-08,Down
Pa08g3399,323.13389339606,-3.0119540094679,0.460997066380779,-6.5335643740953,6.42225704288406e-11,7.61003658228904e-08,Down
Pa08g0067,1747.37789380759,2.22888226362874,0.344280273494629,6.4740341960473,9.54202916890129e-11,1.07414622354322e-07,UP
Pa11g0839,1572.74387515843,-3.36000642401082,0.519858675211226,-6.46330740300832,1.02438893118326e-10,1.09824249507904e-07,Down
Pa07g1485,5511.97064232615,-3.19271830603315,0.495821405456232,-6.4392506473079,1.20064787019522e-10,1.17527765867719e-07,Down
Pa05g3540,451.182113732323,-3.00650032002939,0.46662232085696,-6.44311295376505,1.1704751629447e-10,1.17527765867719e-07,Down
Pa07g0172,321.384872040749,4.36010928138365,0.683452009227559,6.37953978116396,1.77620943042644e-10,1.66623246319253e-07,UP
Pa04g2605,541.742827272864,-5.38742130394559,0.848859227688032,-6.34666046880219,2.20039017002719e-10,1.90536862646123e-07,Down
Pa03g2230,265.988300949091,-3.64061367696543,0.57308799930239,-6.35262591678256,2.11670032096648e-10,1.90536862646123e-07,Down
Pa12g0825,219.535565330067,-3.30540722491479,0.522798601940883,-6.32252498886476,2.57323394001668e-10,2.14569588613094e-07,Down
Pa06g1960,13938.4290127328,2.02608599314725,0.321220396997392,6.30746369809045,2.83645077794471e-10,2.28070902909455e-07,UP
Pa04g0544,4655.94797989539,2.390337899395,0.379946196766605,6.29125365574682,3.14912259256323e-10,2.44480503617133e-07,UP
Pa03g1753,1256.53616166855,-2.18100972808809,0.349331023533826,-6.24338973969458,4.28188186123349e-10,3.21340960746036e-07,Down
Pa10g1886,149.932593644139,10.6864763566669,1.71582600526606,6.22818183421219,4.71879212682769e-10,3.42706083688382e-07,UP
Pa11g0946,3468.73431356779,-1.98903186739676,0.325131039173961,-6.11763144008077,9.49764147512686e-10,6.68218438034394e-07,Down
Pa09g0025,329.265886253642,-3.79875190649901,0.622820514192292,-6.09927229424266,1.06552427269781e-09,7.26945862894499e-07,Down
Pa05g0742,2894.71098798652,-2.03597806174895,0.335102987078951,-6.07567864284443,1.23464444129767e-09,8.17552498569873e-07,Down
Pa08g0568,1506.91299340159,-2.98654597433473,0.492765868485109,-6.06078092120331,1.35462235655629e-09,8.71370506728806e-07,Down
Pa03g4155,1596.76967594966,-2.88720738268805,0.479598992676239,-6.02004471814457,1.74368891273975e-09,1.09048367170619e-06,Down
Pa08g2233,4364.26054911925,-2.12085555228262,0.355025358460591,-5.97381426915182,2.31769656866671e-09,1.41028704180979e-06,Down
Pa11g0969,406.03438999529,-5.0875164462862,0.854909478732813,-5.95094167610254,2.6660408536257e-09,1.57955904680339e-06,Down
Pa05g3505,10528.0481210704,-6.32951070069448,1.0750633871371,-5.88756977162992,3.91915735469907e-09,2.26245919701782e-06,Down
Pa03g1757,868.418131784179,-2.13399172841717,0.362963473568784,-5.879356695138,4.11863989798223e-09,2.31382833499976e-06,Down
Pa01g1001,6838.50424396205,-1.84856979353695,0.314619187729769,-5.87557868569897,4.21368756040642e-09,2.31382833499976e-06,Down
Pa02g1820,325.572102857846,-3.71249621792331,0.634652541640854,-5.84965154054986,4.92603905320593e-09,2.64059150580663e-06,Down
Pa04g2699,637.436935030271,-3.02451621855377,0.518288378868635,-5.8355856350782,5.36019572717573e-09,2.80649875817754e-06,Down
Pa07g1651,12549.2148831723,-6.1117271528558,1.04804735015457,-5.83153724109354,5.49190509945069e-09,2.81010798656893e-06,Down
Pa09g0931,191.785745512993,-11.0316227595269,1.89330532256994,-5.8266475185063,5.65518794127921e-09,2.82935336244356e-06,Down
Pa06g0191,10206.5065334456,-8.0728586492417,1.40179210975486,-5.7589556918347,8.46359128859202e-09,4.14237596242088e-06,Down
Pa01g0302,1120.15701456375,2.62688885194145,0.458421259106839,5.73029457023771,1.0025637807168e-08,4.80249382107618e-06,UP
Pa06g0933,727.9363965961,-3.53882165327021,0.618700598866805,-5.71976438967705,1.06671867595605e-08,5.00335505634887e-06,Down
Pa02g0320,6238.051925861,3.67212627757038,0.64591165875283,5.68518345784432,1.30672307509107e-08,6.0039925127756e-06,UP
Pa06g0533,191.044642316624,-4.89600975859165,0.865484324191256,-5.6569594870094,1.54078114274717e-08,6.8868863316686e-06,Down
Pa05g1052,700.22528268562,-2.43815690798455,0.431164035537167,-5.65482439866991,1.56005686646131e-08,6.8868863316686e-06,Down
Pa03g3955,848.080060855278,-2.12051351916822,0.375259348405841,-5.65079465222248,1.59707789268913e-08,6.91473301461599e-06,Down
Pa01g0043,224.022797912418,-8.2341929072258,1.4635061199131,-5.62634675399562,1.84066158746845e-08,7.81899150571032e-06,Down
Pa06g2085,175.615724794129,4.66697612777979,0.836704173560452,5.57780906950693,2.4356677699241e-08,1.01549304022354e-05,UP
Pa01g0998,306.521655419319,-4.2186584724883,0.764122331465313,-5.5209202751586,3.37228771916691e-08,1.38043064926043e-05,Down
Pa01g1063,17287.0776963828,-2.58027978545863,0.468713137956166,-5.50502978583018,3.69105858211157e-08,1.48393737352964e-05,Down
Pa02g2206,770.581340498838,-3.96213443908485,0.727305719998024,-5.44768771940308,5.1028847752194e-08,1.98079910050499e-05,Down
Pa07g3298,539.031037947603,-3.03006639292667,0.556037147146162,-5.44939561768195,5.05412755669417e-08,1.98079910050499e-05,Down
Pa05g0346,6543.48474813023,2.31932808253909,0.426452791242484,5.43865142911048,5.36853699445634e-08,2.04859732022356e-05,UP
Pa02g4050,482.059265008613,-5.48946491560969,1.01903970118618,-5.3868999502373,7.16833100803591e-08,2.68979673858201e-05,Down
Pa12g1362,808.310538886655,25.7311268777674,4.78480303681656,5.37767734215594,7.54528790376916e-08,2.78482970271244e-05,UP
Pa08g2456,334.179449742738,-3.35427309372679,0.625655359254095,-5.36121531465142,8.26639167352855e-08,2.96345007677091e-05,Down
Pa07g2914,1157.58090111194,3.18927808792421,0.594942895755868,5.36064572024559,8.29250043690892e-08,2.96345007677091e-05,UP
Pa01g0813,4913.83668674471,-1.71900571907643,0.322130465027439,-5.33636493813152,9.48284486371201e-08,3.33588701971269e-05,Down
Pa06g1463,1565.78934386069,-2.10748821622046,0.395345658176412,-5.33074835307804,9.7808873533847e-08,3.38779842883236e-05,Down
Pa02g0298,7347.90571512744,-2.20827373611842,0.415209002303951,-5.3184630484044,1.04647466985968e-07,3.5697470783668e-05,Down
Pa04g1625,609.45855655022,25.3260292853999,4.78482491072163,5.29298976617731,1.20332656755908e-07,3.87525783198274e-05,UP
Pa07g0139,401.905480158898,-6.83071493356042,1.28908426570066,-5.29888938629445,1.16509186731585e-07,3.87525783198274e-05,Down
Pa07g2231,769.208922923092,-4.78818221991166,0.903992718177653,-5.29670441324361,1.17911330163507e-07,3.87525783198274e-05,Down
Pa09g2060,1968.43151098258,-2.48800111085156,0.470076935211002,-5.29275300379241,1.2048860630665e-07,3.87525783198274e-05,Down
Pa04g1802,564.678911672931,25.2279623947077,4.78483195900921,5.27248660158414,1.34587665555131e-07,4.26775591874398e-05,UP
Pa08g1644,220.887389190112,-4.190604555069,0.80133644238597,-5.22951950443127,1.69951171617325e-07,5.31427871915619e-05,Down
Pa07g0171,474.613637230474,24.9871137124454,4.78485016960615,5.22213085608533,1.76875904352608e-07,5.45504672684193e-05,UP
Pa04g0872,478.914507077446,24.9621869973409,4.78484916958378,5.21692243843755,1.81920390289221e-07,5.53480495536692e-05,UP
Pa05g1877,905.604256271665,-4.47734418216435,0.860271171159183,-5.20457308377694,1.94443091219997e-07,5.83692234096936e-05,Down
Pa05g0827,1101.66325020427,2.37559834911899,0.460211186020581,5.16197437454889,2.44358747231137e-07,7.23880636205502e-05,UP
Pa01g3004,138.635861955808,-7.1225729040389,1.38248429076686,-5.15201000952279,2.57709277235277e-07,7.53515151646107e-05,Down
Pa03g2312,377.818164802929,-3.07261133344016,0.597192532939597,-5.14509335593274,2.67387805998359e-07,7.717909056727e-05,Down
Pa07g0215,213.934824304753,-24.5319931267981,4.78499831925942,-5.12685511885299,2.946220609689e-07,8.39635579829598e-05,Down
Pa06g0440,21859.9632863525,3.06336346666385,0.598452789564175,5.11880556007559,3.07476758262411e-07,8.6531646693999e-05,UP
Pa01g1105,3651.83646533851,-4.75750132609198,0.930846108475779,-5.11094291824691,3.20554836842556e-07,8.90984147737445e-05,Down
Pa07g2874,1012.79831922047,-2.99309109999535,0.58659082532971,-5.10251945777194,3.35161274413815e-07,9.20222064896663e-05,Down
Pa12g1658,182.173556645511,-24.3105042059577,4.78504231317625,-5.08052021588514,3.76402674234406e-07,0.000102100359129077,Down
Pa07g3435,54.6891527869202,9.23160741096372,1.82090637281424,5.0697869746571,3.9826121252447e-07,0.00010674348736638,UP
Pa02g2550,1099.49919508159,-1.9600342962617,0.38678537880623,-5.06749842072915,4.03077846509591e-07,0.000106763466309611,Down
Pa07g0362,1487.29395641724,-1.89554680287286,0.374888529000063,-5.05629448820115,4.27481063417448e-07,0.000111910565834656,Down
Pa10g1688,603.741257153246,5.27408311972435,1.04711016419524,5.03679870568131,4.73382138669393e-07,0.000122502591609227,UP
Pa02g1281,238.824772678874,24.0305419067118,4.78496288534019,5.02209577849283,5.11106831095933e-07,0.000129246840971433,UP
Pa12g0048,154.722867258753,-24.0245457639613,4.78509496408736,-5.02070407050812,5.14824230420127e-07,0.000129246840971433,Down
Pa04g0899,2220.42336368593,-2.62538735456582,0.522983634360219,-5.02001818427364,5.16665882891931e-07,0.000129246840971433,Down
Pa10g1589,145.19436644225,-24.002111779052,4.78511778358321,-5.01599184483994,5.27605666419026e-07,0.000130533120590747,Down
Pa02g2208,168.774365929745,-3.84169215681182,0.767018806275595,-5.00860229942194,5.48267316737148e-07,0.000134170547489349,Down
Pa03g2177,354.189281515279,23.9043831151791,4.78488905434297,4.99580718459553,5.85901786045585e-07,0.00014183863237667,UP
Pa04g2672,170.152235453203,-3.27376893283496,0.655851853866043,-4.99162869409778,5.98722693674227e-07,0.000143400454525335,Down
Pa10g1803,11958.6354592407,2.36525856480697,0.475003063835726,4.97945959697001,6.37620618331283e-07,0.000151109374748532,UP
Pa10g1567,76.265597690027,-6.66880648823313,1.34061530779775,-4.97443707336752,6.54375159578332e-07,0.000152230646039602,Down
Pa02g4625,3789.13788650492,-2.3554701981311,0.473557153564739,-4.9739934882202,6.55875129512366e-07,0.000152230646039602,Down
Pa02g3230,621.266649091632,-3.46893503667073,0.698988535984498,-4.96279246094483,6.94868207292834e-07,0.000159635334887662,Down
Pa06g0791,58.6263497763039,-9.32200903724195,1.87986882207535,-4.95886145233824,7.09075116296566e-07,0.000159641171683009,Down
Pa01g3138,616.826207595184,-5.5863533568201,1.12624832323202,-4.96014355057046,7.04411056498036e-07,0.000159641171683009,Down
Pa06g2140,184.684411075824,23.6732670356021,4.78502939497073,4.94736083763326,7.52264485103991e-07,0.00016671641071398,UP
Pa04g0863,182.407479980369,23.6543349704671,4.78503305683899,4.94340053443502,7.67715273901886e-07,0.00016671641071398,UP
Pa08g1860,179.371571853095,23.6326638050359,4.78503808481284,4.93886639691401,7.85780234477205e-07,0.00016671641071398,UP
Pa10g1026,236.800833927358,23.6279889850942,4.78496474203362,4.93796511759714,7.89419583549478e-07,0.00016671641071398,UP
Pa10g1597,109.803239621952,-23.6172081501111,4.78523761455153,-4.93543059978736,7.99741154708619e-07,0.00016671641071398,Down
Pa10g2037,195.029541949425,-4.42664116645261,0.896226043735568,-4.93920166390377,7.84430561049331e-07,0.00016671641071398,Down
Pa11g0401,568.123115366715,-3.40806235667839,0.690405349579495,-4.93632090011199,7.96100771920558e-07,0.00016671641071398,Down
Pa09g0993,782.669518600468,3.02035807239952,0.611094500884987,4.9425384584961,7.71118875938787e-07,0.00016671641071398,UP
Pa08g1858,169.504870439455,23.5502647563547,4.78505566825758,4.92162816674822,8.58271656361637e-07,0.000172527929208267,UP
Pa05g3607,131.968941895236,-10.4923323662986,2.13170957870917,-4.92202712371922,8.56523391191959e-07,0.000172527929208267,Down
Pa09g1816,4883.11391533101,-2.2090450467181,0.448569251736022,-4.92464661402627,8.45129439663887e-07,0.000172527929208267,Down
Pa10g0187,10346.1345782923,-1.78221331272257,0.362021260986458,-4.92295206051237,8.52483417154297e-07,0.000172527929208267,Down
Pa05g0266,575.087980074112,-5.31196249625842,1.08039786779425,-4.91667250982581,8.802762812713e-07,0.000175385311473823,Down
Pa02g1228,903.041777095266,-2.78907076442209,0.569367872125159,-4.89853906580981,9.65518441055819e-07,0.000190681422648515,Down
Pa09g0356,3369.47835615011,2.00408330781988,0.409529144100229,4.89362805234051,9.89938515344983e-07,0.000193804136821539,UP
Pa08g2806,193.286150769767,23.3407091958163,4.78501625650997,4.87787458695914,1.07235068124748e-06,0.000208128476186257,UP
Pa02g3298,4630.23400500774,-1.76176086121951,0.361769477434316,-4.86984384009946,1.11686478450166e-06,0.000214915331267268,Down
Pa04g2229,141.169727918233,23.2932106526164,4.78511982344279,4.86784271075106,1.12823068023106e-06,0.000215262589277306,UP
Pa02g2368,291.953164906166,23.2507015685616,4.78492165346489,4.85916034836748,1.17884631166588e-06,0.000221516463596146,UP
Pa07g2648,137.121850415201,23.2502417513765,4.78513117282991,4.85885149468669,1.18068648980801e-06,0.000221516463596146,UP
Pa05g0337,128.01412603338,23.1595444538862,4.78515927143485,4.83986909111631,1.29924682974969e-06,0.000240768638455346,UP
Pa02g1141,21034.9650535332,1.67445784606741,0.346031122947711,4.83903826859076,1.30468925519909e-06,0.000240768638455346,UP
Pa02g1282,124.725225562166,23.1256560647461,4.78517043224468,4.83277584198775,1.3464236251228e-06,0.000245664023141756,UP
Pa09g0226,6705.66043839137,-1.52315993868242,0.315236529912135,-4.83180023300907,1.35303983608323e-06,0.000245664023141756,Down
Pa10g0424,122.95427915459,23.1037365602163,4.78517668908785,4.82818881336236,1.37780427579162e-06,0.000247824765815871,UP
Pa03g3177,170.629252154795,-3.43924149075053,0.712752614955789,-4.82529480577755,1.39796327878723e-06,0.000247824765815871,Down
Pa01g0316,1735.89848375887,-3.24424654014335,0.672149518456466,-4.8266739037372,1.38832166877329e-06,0.000247824765815871,Down
Pa11g1747,160.091096802823,-3.25744084609259,0.675744900536511,-4.82051857662016,1.43185521933074e-06,0.000251849909437596,Down
Pa12g0642,115.111516492466,23.0123474393418,4.78520671269172,4.80906026030319,1.51641491650769e-06,0.000262619734078878,UP
Pa05g3510,41244.5028302132,-1.96067677719141,0.407582521894632,-4.81050258994736,1.50551252619487e-06,0.000262619734078878,Down
Pa12g2880,434.303525134862,-6.951664188071,1.44855903018842,-4.79902029754824,1.5944363703943e-06,0.000274023972847766,Down
Pa11g0093,109.039700237918,22.9377236668022,4.78523292208033,4.79343932475293,1.63946059449641e-06,0.000278174725050866,UP
Pa08g3207,837.268148893586,-2.83697595516526,0.59190350647769,-4.79297034756153,1.64329921079174e-06,0.000278174725050866,Down
Pa04g1464,259.648012173829,-2.54116904257127,0.531370731204217,-4.78229020407721,1.73309228326078e-06,0.000291185370636815,Down
Pa08g2487,115.052785767394,-10.2944651378084,2.15514064789805,-4.77670222955,1.78193339757458e-06,0.000297173692688845,Down
Pa07g1451,100.690952887915,22.7991326113636,4.78527411577191,4.76443607195237,1.89382545687083e-06,0.000311223257926933,UP
Pa12g2849,1979.061109899,-4.30925173546112,0.904293471169722,-4.76532439174532,1.88550052682113e-06,0.000311223257926933,Down
Pa10g0380,947.151367518612,-2.12487120228983,0.446458168982552,-4.75939595221713,1.94173189646661e-06,0.000316783709543835,Down
Pa04g2228,168.745893407637,22.7466110762308,4.78505689409974,4.75367620064847,1.99750860273662e-06,0.000323538911381382,UP
Pa11g1655,230.99913658279,-3.20814027345703,0.675473571148087,-4.74946824048826,2.03952222263317e-06,0.000327984309431166,Down
Pa02g2449,67.9547988529902,-5.48010345504782,1.1554024886714,-4.74302549006055,2.10549764719227e-06,0.000336192723609126,Down
Pa10g0575,99.9319758560967,22.6561702429643,4.78527811523508,4.73455663336116,2.19534467000962e-06,0.000348070351412652,UP
Pa03g1752,789.014364943765,-1.90342027306917,0.402708695993919,-4.72654375732157,2.28373597225003e-06,0.000359552669085575,Down
Pa04g0877,85.2584199076065,22.595950200711,4.78537152111147,4.72188002562083,2.33674517043942e-06,0.000365343616439397,UP
Pa07g1573,83.9934581879091,22.5683929949754,4.78538111520624,4.71611193584166,2.40394213805398e-06,0.000371947687406616,UP
Pa10g1876,83.2344811560906,22.563059522115,4.78538697343544,4.7149916291758,2.41720686583469e-06,0.000371947687406616,UP
Pa06g1162,205.857424500836,-2.42202864121145,0.513790590968355,-4.71403852812211,2.42854712839889e-06,0.000371947687406616,Down
Pa04g1372,81.7165270924537,22.5372356315401,4.78539906503772,4.70958332319615,2.48223723225133e-06,0.000375067711724205,UP
Pa12g2625,6111.57695021422,2.53951013481923,0.539164676668008,4.71008254938582,2.47616479358639e-06,0.000375067711724205,UP
Pa12g0596,80.9575500606353,22.5245178977929,4.78540528086061,4.70691959736002,2.51488039390475e-06,0.000377466781255811,UP
Pa03g2440,123.360958271766,4.37553438494266,0.930260019303896,4.70356061116851,2.55663150748634e-06,0.000381192064632765,UP
Pa03g1510,1900.60152478354,-3.31204871424424,0.705435278869358,-4.69504264027262,2.66551116500316e-06,0.000394811305058429,Down
Pa03g0292,257.318720646938,-3.97020545594142,0.847929415739705,-4.6822357878432,2.83762810570494e-06,0.000417557903083928,Down
Pa08g2160,136.615865727322,22.3751072206493,4.78513274256057,4.67596374529752,2.92576297140993e-06,0.000427731347651449,UP
Pa06g1837,43.1433254881921,-8.87925086886444,1.90173736290008,-4.66902057144415,3.02639077146815e-06,0.000436421520339462,Down
Pa02g1638,1589.6376877434,2.30368848415443,0.493520097474239,4.66787167522531,3.04335874092989e-06,0.000436421520339462,UP
Pa02g0701,10112.899544234,1.56140066013208,0.334409754855696,4.66912414324114,3.02486559417748e-06,0.000436421520339462,UP
Pa03g0271,380.193686736794,-2.50696030056781,0.53829530964938,-4.65722114911371,3.20506104145494e-06,0.000456700913210864,Down
Pa05g1787,7360.33241937964,-3.09818441837365,0.665736509739,-4.65376973179417,3.25920766038032e-06,0.000461495605445299,Down
Pa01g4424,479.226927176382,-6.5646554197915,1.41103511457862,-4.65236857110526,3.28143883547147e-06,0.000461739462136279,Down
Pa05g3596,1638.00982235238,-2.77168902045425,0.59604025506495,-4.65017085155133,3.31660163353579e-06,0.00046378862843121,Down
Pa01g2918,487.168233516325,-2.45694952638507,0.528710060030847,-4.64706407561401,3.36692607358984e-06,0.000467919590251862,Down
Pa03g1634,43.9994169909835,-8.90683605040334,1.93532796122419,-4.6022360183177,4.17979161220355e-06,0.000577324100350618,Down
Pa01g2874,7235.1177594749,-5.65522739776855,1.22952150829487,-4.599535152184,4.23434739756949e-06,0.0005794112297639,Down
Pa03g0092,528.804713766496,-2.55918818519475,0.556472971922362,-4.59894426921385,4.24637349698159e-06,0.0005794112297639,Down
Pa08g0258,944.134906574377,1.93740105534783,0.421566586142419,4.59571777990325,4.31262090301923e-06,0.000584905704882981,UP
Pa02g4166,9194.96568400054,3.03384806145348,0.661081152298493,4.5892218389606,4.44901419500129e-06,0.000599791051414724,UP
Pa04g2133,1223.81138648748,-2.01353811303552,0.439238346227666,-4.58415830568641,4.5581881161007e-06,0.000610851471701733,Down
Pa05g2004,18796.4316059382,-1.51879988073376,0.331733481323047,-4.57837380380285,4.68604735874899e-06,0.000624270238076182,Down
Pa02g1510,1554.65487437132,-1.77133879869716,0.387328487040914,-4.57322107193745,4.8028291544099e-06,0.000636064091661085,Down
Pa12g1541,78.2182874392109,9.74770208698181,2.13293781824435,4.57008263607295,4.87531936879731e-06,0.000641888539585395,UP
Pa01g2873,27283.9737119027,-5.49586610554904,1.20608755115403,-4.55677210190123,5.19457324534585e-06,0.000679945477009979,Down
Pa03g0287,634.860285741217,-6.53047198539674,1.44415106633478,-4.52201444684793,6.125387786974e-06,0.000797150177086316,Down
Pa10g1491,9252.22237699352,1.6699986048854,0.369579057297781,4.51865053473481,6.22350178722663e-06,0.000805263903664484,UP
Pa02g2870,9532.95116297866,-1.48348381649214,0.328428225830883,-4.51691937481654,6.27457820184232e-06,0.00080723344935016,Down
Pa07g0950,785.412601562072,-2.6307813769963,0.583480918687601,-4.50877019751324,6.52044888913013e-06,0.000834098785737931,Down
Pa05g1250,400.38012727415,3.59976864066493,0.79982208974272,4.50071170430273,6.77263125047182e-06,0.000851838100408506,UP
Pa03g0434,622.684646207483,-1.99915797204673,0.444165543835934,-4.50092988929637,6.76568214223764e-06,0.000851838100408506,Down
Pa02g1723,11805.544168459,1.42402572283674,0.316244380620823,4.50292814702737,6.70235489801182e-06,0.000851838100408506,UP
Pa05g2082,89.6963988139445,-3.5156816022855,0.782769408042545,-4.49133750778162,7.07772887056908e-06,0.000884183737625422,Down
Pa07g2703,826.359872855662,-2.21031986456816,0.492230282587391,-4.49041829151529,7.1083439864174e-06,0.000884183737625422,Down
Pa11g1048,2207.00405033002,-1.71638421606866,0.382671577863531,-4.48526704191437,7.2822671813926e-06,0.00090084045781249,Down
Pa03g1541,290.138977245874,-3.3569741704197,0.749523768078378,-4.47880949663049,7.50604822870243e-06,0.000923449015415336,Down
Pa01g4734,3167.84770074077,-3.264995554322,0.733628430839024,-4.45047576821408,8.5680261409923e-06,0.00104837250292555,Down
Pa01g3017,185.456797802217,3.84085979960856,0.863802916709465,4.44645384417058,8.72994133571634e-06,0.00106241026612064,UP
Pa07g2844,648.507167643349,-2.41145860566745,0.542853257555141,-4.44219238275918,8.90468874953068e-06,0.00107785033605878,Down
Pa08g2066,3597.58329675193,-1.6553189184979,0.372947410798855,-4.43847810862181,9.05971968630694e-06,0.00109075149207227,Down
Pa03g2765,6970.70034456621,-2.05519250840782,0.463711391849383,-4.43205093627582,9.33409593428802e-06,0.0011118933114527,Down
Pa06g2978,5768.30337462979,-1.57227756503994,0.354697382618988,-4.43272953815072,9.30475577235517e-06,0.0011118933114527,Down
Pa07g2696,2312.72810892817,1.959162446203,0.442816499291061,4.42432124670055,9.67459698263951e-06,0.00114638882351129,UP
Pa11g0974,3336.13785878989,-1.6489663933698,0.372871362604753,-4.42234657510483,9.76346771619398e-06,0.00115086236734236,Down
Pa01g0052,114.227245729342,-3.79355857285318,0.858460546424719,-4.41902494954769,9.91472022950506e-06,0.00115842385923385,Down
Pa08g3016,251.804739981586,-3.34857414187304,0.757822158361928,-4.41868069562806,9.93052344461813e-06,0.00115842385923385,Down
Pa01g4698,330.450458763565,3.91789059612838,0.887215841555447,4.41593850405063,1.00572675837349e-05,0.00116716145556808,UP
Pa10g0973,2356.43589616202,-2.23367232599054,0.506306400154501,-4.41170075138085,1.02561799345856e-05,0.00118414171819107,Down
Pa02g0518,757.656260516892,-4.86448785223724,1.10579328353787,-4.39909332481548,1.0870407587305e-05,0.00124711409197695,Down
Pa05g1078,389.827602549816,3.93338488154021,0.894305438168754,4.39825669582699,1.09123867868641e-05,0.00124711409197695,UP
Pa05g0056,4580.67982649206,-3.88660004390642,0.884882630416912,-4.39222096841843,1.12198579159687e-05,0.0012724908651656,Down
Pa05g2397,730.581490064978,-2.77858208769833,0.632691346578146,-4.39168656680076,1.12474763333017e-05,0.0012724908651656,Down
Pa02g3491,1789.09207321391,-2.48489804265149,0.566756194089715,-4.38442150004653,1.16294408579771e-05,0.00130912615738249,Down
Pa06g1177,1659.0879436369,-4.32736428173663,0.987804549094469,-4.3807899909993,1.1824980068978e-05,0.00132451542921876,Down
Pa06g2229,1160.23098532447,-2.75745949635616,0.629903099418811,-4.37759315504301,1.19997078255759e-05,0.00133743278210404,Down
Pa09g2119,1175.75976058424,-3.96054040262259,0.907617883770399,-4.36366501084116,1.27901383681704e-05,0.00141850825232014,Down
Pa01g1557,61.4314967825628,-5.32174573001496,1.22349626525283,-4.34962155680568,1.36372673661223e-05,0.00150359174827498,Down
Pa04g1826,211564.893759205,1.80363794555469,0.414747530978721,4.34876113981551,1.36908727190358e-05,0.00150359174827498,UP
Pa01g1348,48.8964815384383,-6.59379789746308,1.51889519278215,-4.34118030578874,1.41719365417386e-05,0.00154886883155681,Down
Pa03g3809,175.259593302398,3.18127152438695,0.733256532738542,4.33855190148207,1.43424616204031e-05,0.0015599332411679,UP
Pa08g0630,1386.42178298116,-1.6745616670374,0.386247850536369,-4.33545886329722,1.45456375598257e-05,0.00157442540395151,Down
Pa09g1986,37074.2526552015,1.67306909491005,0.386364062086836,4.3302917095173,1.48911943031857e-05,0.00160411650020059,UP
Pa07g3134,19418.4970536544,-1.8828625810389,0.434984977149917,-4.32856921490871,1.50081167572458e-05,0.00160901305082206,Down
Pa03g2962,3507.4821925989,4.02353685507009,0.930848963204012,4.32243791862962,1.54314512310198e-05,0.0016465577868018,UP
Pa02g2202,240.088522275964,-3.7539048190348,0.868889948697799,-4.32034554509551,1.55785064658276e-05,0.00165440799326246,Down
Pa07g0523,358.251612474256,-6.073650407672,1.40772835759185,-4.31450455261266,1.59961237743709e-05,0.00169078277303374,Down
Pa07g2146,234.820288955711,6.40148698322546,1.48504133290478,4.31064566445703,1.62778560352226e-05,0.00171252173260281,UP
Pa05g1324,941.975056893699,3.87786581641232,0.901203099504492,4.30298766010068,1.68510238970705e-05,0.00176457652101695,UP
Pa03g0137,205.270852169826,2.33718262642639,0.54384490476102,4.29751682136916,1.72722156879154e-05,0.00180030862961911,UP
Pa06g1442,143.694176217565,-2.6386327281166,0.614296400331768,-4.29537390531921,1.7439914352806e-05,0.00180941120617085,Down
Pa07g2842,1587.52665778197,-2.00478122321655,0.467943565069568,-4.28423718770128,1.8336721520491e-05,0.00189372912069878,Down
Pa02g2435,68.7428326455778,-9.5516216087017,2.2322446597773,-4.27893132899447,1.87792785256848e-05,0.0019305784325446,Down
Pa03g2551,25954.4052118338,1.5565828683622,0.363928220758062,4.27717000105086,1.89284252776083e-05,0.00193706621227306,UP
Pa04g0751,3654.60628983046,-1.61108468218937,0.376824621417282,-4.27542307646961,1.9077466394401e-05,0.0019434845176631,Down
Pa08g0562,177.343180830307,-2.55214479834361,0.597597958707891,-4.27067188091102,1.94884956296523e-05,0.00197641437209907,Down
Pa02g4477,37.4107981292688,-8.6739755204352,2.03400331412861,-4.2644844579082,2.00364289653951e-05,0.00202287068038971,Down
Pa08g3116,704.383755289617,-5.38696862934408,1.26567040226782,-4.25621759005483,2.07914369458292e-05,0.00208972505088571,Down
Pa01g3078,3237.23804978328,5.26732442727126,1.23842145196312,4.25325677209612,2.10683758114135e-05,0.00210254266136954,UP
Pa10g1288,7538.1188335124,1.35230792300246,0.31797611001178,4.25286013767627,2.11057404934492e-05,0.00210254266136954,UP
Pa01g3028,837.85289318842,-2.79815352484384,0.658466786080977,-4.24949835586655,2.14249781673366e-05,0.00212494254827936,Down
Pa01g2936,557.627855296883,-2.42157928475427,0.570832150135276,-4.24219148164728,2.21347709879547e-05,0.00218571155273163,Down
Pa06g0374,246.308636435017,-4.1297827583028,0.974311139978867,-4.23866934169753,2.24848544852929e-05,0.00221058521345801,Down
Pa06g0439,1909.44705452362,3.16445961824889,0.747063066756879,4.23586676823192,2.276717487481e-05,0.00222860945709336,UP
Pa02g2984,3448.03632815293,-2.98563002632109,0.70539937643795,-4.23253851087536,2.31068330935344e-05,0.00225206597518543,Down
Pa08g3172,380.066840744164,-3.40136868912433,0.80693660431736,-4.21516222083117,2.49598711092651e-05,0.00242218335411204,Down
Pa03g1543,2308.37688733528,-3.25646577487358,0.773805161735203,-4.20837949383948,2.57208637191863e-05,0.00248531985310627,Down
Pa09g1965,32.4221165658915,-8.46691860467946,2.01426817642227,-4.20347136681588,2.62852415850734e-05,0.00250673076185565,Down
Pa07g2263,52.5357116627452,-4.05410539434701,0.96466827819686,-4.20259014002706,2.63878116087674e-05,0.00250673076185565,Down
Pa02g1025,937.615666735879,2.3572039587549,0.560873645473177,4.20273617378878,2.63707877983734e-05,0.00250673076185565,UP
Pa01g4665,426.569920113129,-2.18975682511471,0.521004405259389,-4.20295261039973,2.6345576022516e-05,0.00250673076185565,Down
Pa06g1351,430.815589500401,-2.50744026151629,0.598224703052377,-4.19146893921691,2.77154136512059e-05,0.00262178497034979,Down
Pa10g2036,48.3941840992112,-4.20692926763882,1.00596977219473,-4.18196389585399,2.89001870164079e-05,0.00271107837703086,Down
Pa03g4492,5309.53805323536,1.55519703355871,0.371836854040922,4.18247147010218,2.88357212240852e-05,0.00271107837703086,UP
Pa03g3835,262.522935506274,-2.46532769919106,0.589917941577547,-4.17910276232375,2.92661430696547e-05,0.00273401636958591,Down
Pa03g1441,399.896628150112,2.32363533904943,0.556171708119999,4.17790999636408,2.94200021846225e-05,0.00273703276522558,UP
Pa02g1425,114.020168999143,3.70181346709731,0.886928057008108,4.17374716905982,2.99630261107079e-05,0.00277608053438879,UP
Pa05g0345,380.593282432185,1.98482931781224,0.475666920658654,4.1727293440205,3.00972392566088e-05,0.00277708706812824,UP
Pa12g1005,330.42846825085,-3.7621409096247,0.901915518667317,-4.17127860842631,3.02895250532214e-05,0.00278342190631929,Down
Pa10g1842,31.9818211883964,-8.44733069385583,2.02616856584699,-4.1691154606994,3.05784061545195e-05,0.00279854567545875,Down
Pa03g0019,487.98500094987,-2.11222076993028,0.506759831566806,-4.16809036225245,3.07162171928523e-05,0.00279977697927076,Down
Pa05g1313,59.2144523478051,-9.33642828131161,2.2416248736497,-4.16502707079196,3.1131562322132e-05,0.00282619352467935,Down
Pa04g0331,57.5638814987473,4.30571530744983,1.03529293765664,4.15893429853364,3.19735842314412e-05,0.00289097700958501,UP
Pa07g2911,5290.27177891777,1.88157495087108,0.45392577420622,4.14511591495633,3.39641854831288e-05,0.00305867868786865,UP
Pa07g0426,214.933671925909,-3.34294741781931,0.807409589584012,-4.14033652924737,3.46796674089674e-05,0.00311066945038045,Down
Pa01g1228,239.24364233194,5.69148900454867,1.37505367611849,4.13910315167815,3.48666165200694e-05,0.0031150277949716,UP
Pa01g1786,823.895502268261,-2.13628014514306,0.516574767611611,-4.13547133751844,3.54226827928831e-05,0.00315219873675482,Down
Pa03g4095,54.2460411892648,9.219689394534,2.23028251606565,4.13386614840083,3.5671127348956e-05,0.00316181008320628,UP
Pa01g4516,1507.95299605208,-1.60312334501889,0.388721872689925,-4.12408834605936,3.72206021731681e-05,0.0032862142640263,Down
Pa02g0249,926.936933069918,2.2216460755331,0.53910009050661,4.1210270869095,3.77187070776551e-05,0.00331718348104034,UP
Pa07g1254,227.134936321545,-3.25900451254752,0.791432808619243,-4.11785369150071,3.82417342762562e-05,0.00335009496301803,Down
Pa12g2639,144.204022720964,-3.14568843008324,0.764085086312315,-4.11693473205346,3.83944745519461e-05,0.00335043875993223,Down
Pa04g2311,2471.75652109066,-3.09565062490519,0.75670966803681,-4.09093573885012,4.29636175826781e-05,0.00373468295851898,Down
Pa08g2187,48.9066647677259,-9.06061603944069,2.21616829944078,-4.08841514506232,4.34330363489084e-05,0.00376096684753586,Down
Pa05g3451,494.994212982382,-2.85271534974226,0.698450430478804,-4.08434904648374,4.42005487697992e-05,0.00379821051527962,Down
Pa05g1404,8380.94815966554,-2.28224404751397,0.558723966751126,-4.08474342130835,4.41255473646911e-05,0.00379821051527962,Down
Pa10g1016,6964.28315827213,-1.95055340956739,0.478279295560386,-4.07827273242506,4.53715240760546e-05,0.00388400947927108,Down
Pa03g4925,25642.6244281881,1.29048968724017,0.316839112044857,4.07301257383106,4.64089178517847e-05,0.00395776657770864,UP
Pa03g4135,2169.40784595607,-3.0357579167182,0.745947403740486,-4.06966751475461,4.70802781457035e-05,0.00399986936668818,Down
Pa10g1071,42.8148658937592,8.87826566063047,2.18301135679177,4.06698097699238,4.76261291674786e-05,0.00403103260179178,UP
Pa07g0412,80.9263821597171,3.5090254124195,0.863646146739794,4.06303603121005,4.84385491395946e-05,0.00408444005741136,UP
Pa06g1102,5243.67270979033,-2.98686687706933,0.735543784938182,-4.06076013179876,4.89132049150019e-05,0.00409379886786749,Down
Pa05g2988,1432.13842309287,2.00562318882943,0.493891580734516,4.06085721454628,4.88928678705189e-05,0.00409379886786749,UP
Pa01g1233,14055.9812770619,2.81993978672815,0.694612831317343,4.05972890160998,4.91297241895407e-05,0.00409669114964192,UP
Pa02g0043,31.5358900026973,8.43719558923929,2.079044879922,4.05820753112161,4.94508139696151e-05,0.00410824954137238,UP
Pa03g4880,1075.11300715056,-2.9792221160777,0.734436443115213,-4.05647370035304,4.98191692777515e-05,0.00412363520999742,Down
Pa10g1681,772.112653409757,-2.03176591496691,0.501002160133476,-4.05540350250308,5.00478311818445e-05,0.00412738780669614,Down
Pa08g0539,108.065039585897,-4.46240051611984,1.10200762766399,-4.04933723152091,5.1362886665215e-05,0.00422037967292208,Down
Pa12g0394,114.83220758678,5.93223581534456,1.46549671559467,4.04793525104378,5.1671435035294e-05,0.00423029341230767,UP
Pa02g0643,14371.0541384194,-2.10908065799393,0.521252963923391,-4.04617489772952,5.20613420703563e-05,0.00424677193975363,Down
Pa12g2802,1070.39751130227,-5.1587186502801,1.27718864700511,-4.03912034637705,5.36520335807394e-05,0.00436072882323743,Down
Pa11g1550,1008.31516389904,-1.68716380348162,0.419432061688224,-4.02249603115877,5.75846248519145e-05,0.00466352605725181,Down
Pa06g1287,165.426185359185,-2.62572570063671,0.655228942276005,-4.00734084107454,6.14062151460622e-05,0.00495519544013779,Down
Pa02g4605,15978.6868657631,-2.78376218320187,0.695620156328102,-4.00184232425959,6.28511791095203e-05,0.00505368373739907,Down
Pa05g2128,29.8815277736045,-8.34960628955178,2.08865727399355,-3.99759519836741,6.39892590811937e-05,0.00512688319912454,Down
Pa05g3609,180.613076082571,3.7937040390241,0.949387875951743,3.99594742583055,6.44360339582356e-05,0.00514437187424013,UP
Pa11g1158,254.028771032412,-2.07614144232786,0.520034712036227,-3.99231319424544,6.54318740186151e-05,0.00520541770902863,Down
Pa01g4318,157.109287780398,-2.69526431610249,0.67713384554423,-3.98040111838781,6.87990787398152e-05,0.00545402274207112,Down
Pa01g3282,498.488263791161,-2.59312559297988,0.652253489307143,-3.97564081371866,7.01899970623188e-05,0.00554476348723174,Down
Pa07g2010,10923.7785278073,1.25911132095717,0.317540964690357,3.96519334815576,7.33364777681105e-05,0.00577306804360573,UP
Pa12g2889,231.760359216648,-2.08091904450113,0.52511335704303,-3.96279968237528,7.40759335765104e-05,0.00581096016913434,Down
Pa03g4157,127.172253960471,-2.75640343890398,0.696211111014745,-3.95914887782594,7.52173397958621e-05,0.00588001107001402,Down
Pa03g3251,1081.97648346553,-2.05463428867797,0.519469115854611,-3.95525783144541,7.64521559464134e-05,0.0059558610345244,Down
Pa01g2760,110.164469612632,-6.79195540613051,1.71864290799318,-3.95192938250408,7.75236198928281e-05,0.00601850613195563,Down
Pa08g2338,45.4244201578724,-5.91423289551071,1.49799346228097,-3.9481032757681,7.87728233342372e-05,0.00609447197438837,Down
Pa03g0164,377.825754447801,-1.88096683186184,0.476929122214445,-3.94391272046518,8.01628435391461e-05,0.00618077486109704,Down
Pa05g0839,603.53992250321,-1.66432568657851,0.422407974096979,-3.94009059638728,8.1450843436819e-05,0.00625864945097796,Down
Pa12g1789,128.306478001265,-3.7740162860532,0.958921865369239,-3.93568696506883,8.2959049826519e-05,0.00635285730542261,Down
Pa05g1063,4798.29826157904,-1.61060145911799,0.409430180075084,-3.93376340459961,8.36261019424751e-05,0.00636367492280794,Down
Pa07g3268,16942.3230388978,1.22711887755064,0.311954268472846,3.93364990182031,8.36656203762614e-05,0.00636367492280794,UP
Pa01g0075,2701.01347498378,-2.14540883717304,0.546941695832637,-3.92255491493838,8.76149152362218e-05,0.00664162357450605,Down
Pa04g2830,324.306469922664,3.40213838471185,0.868133122638493,3.91891323576253,8.89491246413664e-05,0.00672013621535478,UP
Pa11g1023,1152.77041496322,2.28931876380363,0.584347667527342,3.91773406658889,8.93852370462756e-05,0.00673049908648779,UP
Pa02g0738,2354.7493243852,-1.87613839318675,0.479536732095402,-3.91239766970239,9.13842653926851e-05,0.00685808450350304,Down
Pa06g1395,2568.68253085073,-3.5665308278587,0.912298923452511,-3.90938839910223,9.25300903688469e-05,0.00692100483243927,Down
Pa10g1607,481.308484105488,-5.50457063665736,1.40943343540762,-3.9055201177808,9.40229354307273e-05,0.00698624543989239,Down
Pa01g3010,4439.79711143197,2.79263898656628,0.714996332797516,3.90580882511624,9.39107368897839e-05,0.00698624543989239,UP
Pa02g2320,37.1949941662647,-8.66580305328114,2.2207555606653,-3.90218680829736,9.53275403325987e-05,0.00705988237844779,Down
Pa11g1964,620.778127113882,-3.20424105316523,0.82174187209939,-3.89932795438429,9.64600493132137e-05,0.00712033295159899,Down
Pa03g3763,2896.79351728589,1.36322108041861,0.350783399935677,3.88621890508099,0.000101817699915997,0.00749125390819854,UP
Pa10g0194,159.781961426548,4.82148738099713,1.24565530691163,3.87064331058895,0.000108548521190014,0.00796046060609761,UP
Pa05g3493,4591.83683436614,-1.32417513620414,0.343030240795209,-3.86022857091099,0.000113281011265475,0.00828054768711336,Down
Pa01g2215,2231.50010440685,-2.91054533175918,0.755103671094935,-3.85449765796894,0.000115967493628275,0.00844948916358245,Down
Pa09g0194,36.0179773424488,-8.61942161836149,2.23815286225968,-3.85113178090041,0.000117573207445836,0.00848403681294738,Down
Pa03g3094,34.5117916960665,8.56754204375243,2.22422380600169,3.85192444242094,0.00011719318657007,0.00848403681294738,UP
Pa06g1041,2565.42850718978,-1.47993624057253,0.384442055614396,-3.8495690545806,0.000118325822122478,0.00848403681294738,Down
Pa08g1932,13398.5716226956,1.41834651935274,0.368407838841533,3.84993577718857,0.000118148800320915,0.00848403681294738,UP
Pa03g2569,5264.02585533658,1.36834099298348,0.35543358269573,3.84977970456678,0.000118224108070913,0.00848403681294738,UP
Pa02g3519,42.5678482535144,-8.86037985218931,2.30486882024617,-3.84420135946955,0.000120945669842678,0.00864435178043827,Down
Pa03g4948,343.784815024309,2.15819392886675,0.562131054188177,3.8393074226856,0.000123381862183201,0.00876283673562331,UP
Pa04g1477,5851.70625084343,1.47940569204094,0.38528577603736,3.83976202614208,0.000123153627112555,0.00876283673562331,UP
Pa02g2492,961.200130425672,-2.03275157353838,0.530235491382146,-3.83367693520417,0.000126241920322174,0.00893776916394162,Down
Pa02g0721,2564.43603234442,-1.29122633876585,0.337274846204337,-3.82840983636107,0.000128973862374429,0.009102562813473,Down
Pa11g0033,546.546654236279,-1.95821639428121,0.512332669344219,-3.82215796776675,0.000132288896960281,0.00930735070676176,Down
Pa03g2629,3276.06693752477,1.6197868722703,0.424080286599481,3.81952880964755,0.000133706843081021,0.00937780643341463,UP
Pa02g3996,9104.95990345506,1.39619444087459,0.365812287154327,3.81669640387332,0.000135250420888633,0.00945660862076609,UP
Pa08g1746,283.451370679766,-1.99758308655483,0.524820733065704,-3.80621983984147,0.000141106967105288,0.00983554878454632,Down
Pa04g2855,54500.7675388882,-4.27273407930961,1.12374658020107,-3.80222209757034,0.000143404082312025,0.00995749258799267,Down
Pa03g4709,2172.45830231016,-1.43939248658035,0.378624009549768,-3.80164081060777,0.000143741009642783,0.00995749258799267,Down
Pa08g2536,92.2252360618744,-5.03176526418007,1.32411791134578,-3.80008851256003,0.000144644414601296,0.00998933849795575,Down
Pa02g4540,834.843057173012,-4.5667122099839,1.20656659851763,-3.78488200783486,0.00015378152255772,0.0105878813420933,Down
Pa05g2024,836.740681066818,-4.03182714536501,1.06577919589919,-3.78298540718218,0.000154958502662304,0.0106363894174973,Down
Pa11g1257,56.2920658147208,-9.26331838890661,2.44997703403638,-3.78098172358993,0.000156211142995255,0.0106897801622953,Down
Pa10g1900,3489.06642170978,-2.14309022754163,0.567422708548571,-3.77688484308904,0.000158802108698567,0.0108284873738321,Down
Pa01g1096,3575.3673282271,-1.98782374495638,0.526399955441592,-3.77626123332175,0.000159200023129539,0.0108284873738321,Down
Pa10g0215,332.400119301433,-4.06165265803538,1.07631711437253,-3.77365797105552,0.000160871275127805,0.0109092044826126,Down
Pa02g3965,663.580616426024,-4.7245227156125,1.2523137914711,-3.77263490012561,0.000161532577770015,0.010920654619232,Down
Pa05g2053,580.712547466414,-3.9444846882577,1.04596264794425,-3.77115253208158,0.00016249530502988,0.010920654619232,Down
Pa11g1543,421.357672007271,-1.72626796170439,0.457670458338618,-3.77185796079319,0.000162036491438694,0.010920654619232,Down
Pa11g1621,2036.66102453575,-2.06203192092951,0.547537336912648,-3.76601152454098,0.000165876138584763,0.0110854674472372,Down
Pa09g1970,2625.39168705381,1.32157901879649,0.350930620065229,3.76592677649743,0.000165932421147683,0.0110854674472372,UP
Pa09g1916,137.913338100047,3.9752517559979,1.05612598457997,3.7639938928109,0.000167220968940693,0.0111384996885525,UP
Pa03g3764,7031.12494669499,2.86067019440195,0.760882703075699,3.75967305188872,0.000170135557492379,0.0112992092666177,UP
Pa01g0709,1163.09952341279,1.51374415912817,0.403328578762193,3.75312893466121,0.000174640970760603,0.0115643141638359,UP
Pa03g2982,346.608206214007,4.30793501875965,1.15071317767864,3.74370877324106,0.000181323806785735,0.0119716251788095,UP
Pa03g1494,285.893474638239,-1.87536526413041,0.502684217672895,-3.73070249313207,0.000190946600920314,0.0125700929038595,Down
Pa02g1140,756.116871509304,1.4804277645603,0.397095815755165,3.72813740619487,0.000192900199810869,0.0126616766721339,UP
Pa10g0771,48.8481671310281,-9.05877199699155,2.4386231582037,-3.71470760724846,0.000203438790111486,0.0133145956993314,Down
Pa01g1299,6447.33269841477,-1.62432518247695,0.437920212065125,-3.70918066288156,0.00020793102653181,0.0135691569024266,Down
Pa10g1853,3213.59117385268,-2.28333443130495,0.61631304209031,-3.70482899982241,0.00021153338821983,0.0137643430704661,Down
Pa02g3275,368.756624911167,-3.09050273164655,0.835558572585177,-3.69872661599855,0.000216683835971022,0.0140588469252207,Down
Pa09g1050,2845.6896745246,-2.54573865766233,0.688548251875958,-3.69725527691986,0.00021794315292459,0.0140999199567363,Down
Pa06g2065,33523.9799600913,-4.39252971882847,1.1885317622409,-3.69576132365754,0.000219228853930685,0.0141424596486976,Down
Pa09g2100,47.260103748066,-9.01110566848633,2.44344303035841,-3.68787221822993,0.000226137156024068,0.0145464340877882,Down
Pa12g2662,787.135213043272,-2.20593250048725,0.598728289010438,-3.68436324285454,0.000229275083371327,0.0147062656040514,Down
Pa03g3733,1512.05818851956,-1.66391432703974,0.452058319067688,-3.68075148018811,0.000232547577156735,0.0148737958866669,Down
Pa12g1773,159.543681301104,-2.84533587864782,0.773346945882761,-3.67924887244486,0.000233921907448063,0.0148771689951573,Down
Pa05g1021,1732.31485629593,-2.63024772153669,0.714854265624572,-3.67941809683213,0.000233766749740886,0.0148771689951573,Down
Pa11g1028,490.050741576206,-2.02965878025082,0.551823229464072,-3.67809594065479,0.000234981577262714,0.0149024654380077,Down
Pa08g1972,77.8843169912732,-2.93752912293502,0.799637890483972,-3.67357419888784,0.000239181180785797,0.0151261941129534,Down
Pa04g0380,54.8763713200433,6.11165600768079,1.66446583078185,3.67184227795772,0.000240808288030465,0.0151864364053723,UP
Pa02g2479,2257.7978645916,-1.44737916936516,0.394317645406117,-3.67059193578432,0.000241989409598944,0.0152182948818733,Down
Pa05g3326,26.518845863025,-8.17766291847187,2.22857118158204,-3.66946453676504,0.000243059051783875,0.0152429846569977,Down
Pa05g0209,5296.04800572092,1.17467843131952,0.320282390303247,3.6676335224279,0.000244805719431476,0.0153098776868896,UP
Pa05g0992,336.80713186692,-3.03373715697738,0.827555673625828,-3.66590098245047,0.000246469284561135,0.0153712173756493,Down
Pa03g1789,114.303276695285,-2.87584608339539,0.784650923603678,-3.6651280166567,0.000247214893132365,0.0153751273590665,Down
Pa05g2533,44.7176184529838,8.94100683015657,2.44355658398003,3.65901362332833,0.000253187882104608,0.0157032285887139,UP
Pa05g0311,107.535864675465,-3.15027944885544,0.862731947193609,-3.65151593041503,0.000260696924495204,0.0161245345002336,Down
Pa04g0451,499.601037344492,3.51098978584426,0.961965065216973,3.64981007397847,0.0002624342772278,0.0161436347823531,UP
Pa09g1797,3629.954547542,1.41407006800523,0.387437194009995,3.64980463896492,0.000262439829898784,0.0161436347823531,UP
Pa06g0389,1226.69134793002,-2.63502628544674,0.722478459480705,-3.64720394202578,0.000265109500460565,0.0162634204178996,Down
Pa02g1162,25.5892566036372,-8.12465378524034,2.22902265388397,-3.64493997900089,0.000267454213468371,0.016362674353334,Down
Pa07g1849,2185.62467805089,-1.80258518866805,0.495006273849276,-3.64154008524127,0.000271011916268388,0.0165353991405596,Down
Pa05g1062,1126.48998216988,-1.53926052187503,0.422951002915563,-3.63933531606338,0.000273342679786466,0.0166325326830067,Down
Pa08g2337,39.7930762716328,-5.72085138244909,1.57433012247975,-3.63383213009866,0.000279242583055754,0.0168548726941481,Down
Pa02g4149,614.276071876506,-4.11788157197068,1.13301689172262,-3.63443969993238,0.000278585402163729,0.0168548726941481,Down
Pa09g1961,1505.7628447389,1.93813585979524,0.5332647923786,3.63447181868183,0.00027855070112752,0.0168548726941481,UP
Pa07g1626,24.6051075928883,-8.06947775867828,2.22380057569604,-3.62868768309072,0.000284865614894616,0.017102571876633,Down
Pa05g0795,10058.3213203393,-2.45609997100414,0.676801222393228,-3.62898276442108,0.000284540235312956,0.017102571876633,Down
Pa06g1013,4390.5476292129,1.13833500151025,0.313789794439223,3.62769924861507,0.000285958080957142,0.01712250062412,UP
Pa07g0968,3737.76824478707,-2.22726822828929,0.614447158388679,-3.62483282391616,0.000289148431843912,0.0172676068820526,Down
Pa12g0814,261.742679991592,-1.99606632870382,0.551212571741915,-3.62122787293466,0.000293208112088621,0.0174637233745058,Down
Pa10g1732,50.3067099287669,9.11092815536621,2.51867880282502,3.61734419853264,0.000297641382449961,0.0176344686433643,UP
Pa01g1028,587.922307834631,-2.24790149122388,0.621330085628725,-3.6178861175686,0.000297019027263861,0.0176344686433643,Down
Pa01g1398,474.231847645116,-2.1810105098804,0.603374055756144,-3.61469057059004,0.000300706556473144,0.0176528789890262,Down
Pa12g0952,246.970794199629,-1.88801022940787,0.52227611605452,-3.61496566925298,0.000300387425177319,0.0176528789890262,Down
Pa02g4009,3551.17096226254,-1.70723683950924,0.4721310670596,-3.61602308897357,0.000299163703952349,0.0176528789890262,Down
Pa04g0905,2161.72883293215,-1.36331728687247,0.377194479050571,-3.61436172211228,0.000301088457483612,0.0176528789890262,Down
Pa01g4478,277.213588810847,-3.34054871494646,0.926397329289177,-3.6059567631846,0.000311004920897632,0.0181549645579847,Down
Pa05g2341,2056.58201021038,1.53193581326323,0.424860325657689,3.60573986495863,0.000311264827191175,0.0181549645579847,UP
Pa04g0873,209.606926921881,5.41192631977124,1.50139914199754,3.60458865892978,0.000312647709602358,0.0181885026718023,UP
Pa02g4302,601.898848472066,-3.0195246738261,0.838165827569191,-3.60253851267497,0.000315124694123196,0.0182427130006986,Down
Pa12g1734,6486.97683318341,1.32907698525307,0.368934273195317,3.60247632658797,0.000315200113585847,0.0182427130006986,UP
Pa05g2115,127.411364849187,3.66419534652648,1.01944075296694,3.59431907726107,0.000325241056872755,0.0187275630548164,UP
Pa02g0621,2081.64447786873,-1.46388482336163,0.407227991499175,-3.59475491351284,0.000324697093171741,0.0187275630548164,Down
Pa01g2094,2358.30705286575,1.32857192429039,0.369771243041052,3.59295631905831,0.000326947412069219,0.0187777909064449,UP
Pa08g2078,588.414585185561,-2.44183022731169,0.681197443210418,-3.58461449268451,0.000337576455564174,0.0193389219352972,Down
Pa02g0411,1019.69646532106,-2.13291636555848,0.595248387532834,-3.58323753618036,0.000339361739830585,0.0193918533262584,Down
Pa02g1077,2124.93473046896,-1.70270241208511,0.47550850664436,-3.58080326280804,0.000342539511055817,0.019523884941546,Down
Pa06g1308,211.308423656372,2.73403129685779,0.764004074133815,3.57855591275149,0.000345497960238893,0.0196427804970163,UP
Pa04g2684,578.033610710162,-2.39016380706822,0.668102106553035,-3.57754268939501,0.0003468395867898,0.0196693865415254,Down
Pa02g4604,106.713277217509,-2.55888736647886,0.716509131309081,-3.57132554864123,0.000355179087705969,0.0200917135191261,Down
Pa02g1587,160.988364952629,5.50353417094524,1.54164320929272,3.56991432114191,0.000357098005607409,0.0201496353339479,UP
Pa08g2501,7837.8856569984,-2.10822162857865,0.591187982063933,-3.56607659922062,0.000362365497165231,0.020395742007945,Down
Pa01g1406,1512.9829072092,-2.03196732395541,0.570260623036598,-3.56322572850168,0.000366325415465393,0.0205236928663709,Down
Pa01g0902,1221.38197271467,-1.65544421238954,0.46460420155968,-3.56312794165917,0.000366461958438353,0.0205236928663709,Down
Pa12g1034,928.337880257134,-3.40350560229868,0.956814870609762,-3.55712030283318,0.00037494247528487,0.0208946903182266,Down
Pa05g2268,978.129655162016,1.8153437043341,0.510282776992488,3.55752493751287,0.000374365570907809,0.0208946903182266,UP
Pa01g0374,57.3650173113768,-4.1953956865672,1.18328883703306,-3.54553812667295,0.000391812301787523,0.0217272467055278,Down
Pa02g1179,2443.25423176307,-1.29976070252271,0.366575643219668,-3.54568211653886,0.000391598289958222,0.0217272467055278,Down
Pa05g3535,4372.66114224638,1.48993589544647,0.420871635560675,3.54011952708956,0.000399945851218751,0.0221237859811768,UP
Pa01g1597,409.432202574085,1.93247961941972,0.546206673696432,3.5380007467535,0.000403168918138059,0.0222474142719614,UP
Pa04g2281,2512.46200241107,-1.45785087223746,0.412364671947727,-3.53534376587494,0.000407244984748079,0.0224173926323185,Down
Pa05g2545,6213.38675086185,-4.90265096851473,1.38777071838677,-3.5327528557555,0.000411256735007724,0.0225830100779607,Down
Pa11g1924,258.196899256748,4.73664771224445,1.34276225189447,3.52754011781434,0.000419440194881128,0.0229763419648509,UP
Pa10g1295,535.013351558233,4.49864077461999,1.27644822384622,3.52434253938211,0.000424535051138361,0.0231989857799249,UP
Pa01g1938,4283.00644021004,1.41501748638782,0.401797576254215,3.52171732736522,0.000428761063771941,0.0233731878686718,UP
Pa02g4248,5086.43459962815,-1.60512833793232,0.455882796480339,-3.52092325116187,0.00043004706822394,0.0233866659275212,Down
Pa01g2331,3307.32011084233,-1.95281349849487,0.555123306588004,-3.51780131606722,0.000435138026812942,0.0236065000859435,Down
Pa10g1232,2295.00261159489,-2.63970020090199,0.751034150510483,-3.51475388849863,0.000440161703383262,0.0237076569138056,Down
Pa01g0177,1029.15112639114,1.70133715692871,0.483995688489156,3.5151907287431,0.000439438264255755,0.0237076569138056,UP
Pa07g3538,16929.9559877601,1.38249459688483,0.393258027914917,3.51548982792524,0.000438943574621877,0.0237076569138056,UP
Pa04g0537,280.734602397298,3.53560528361109,1.00749413008334,3.50930608729069,0.000449277535579935,0.0240834153239206,UP
Pa07g2997,91.7704508462689,3.28263064678448,0.935241494043342,3.50992836362792,0.000448227434357871,0.0240834153239206,UP
Pa06g1366,2910.98039070844,-2.06207038584639,0.587746639929034,-3.50843415471567,0.000450752798671964,0.0241051033475074,Down
Pa05g3014,96.6817183143523,2.59421778950374,0.740341818794732,3.50408111989012,0.000458185763371299,0.0243867476986795,UP
Pa04g2202,389.879875138536,-1.68653019309635,0.481300702047038,-3.50410914823791,0.000458137540231184,0.0243867476986795,Down
Pa02g0322,57.4260834905402,3.10360962382776,0.889084490893489,3.49079267000685,0.000481589820209842,0.0251649757607308,UP
Pa03g4807,428.092112296826,-2.21851602497259,0.635372936453422,-3.49167535739891,0.00048000126862218,0.0251649757607308,Down
Pa03g4145,2276.85540495077,-2.10160270398783,0.601790253018681,-3.49225115137017,0.000478967661210326,0.0251649757607308,Down
Pa06g2996,19329.1960516431,1.46379604081507,0.419330119363894,3.4907963278087,0.000481583227244731,0.0251649757607308,UP
Pa07g1998,1400.3692958304,1.38977080507999,0.39813479794722,3.49070418422514,0.000481749336096428,0.0251649757607308,UP
Pa12g2665,3456.59863075771,1.36555291311491,0.390757181465655,3.49463292777623,0.000474714151182003,0.0251649757607308,UP
Pa07g0045,9922.35905993413,1.33201813133176,0.381255839346277,3.49376453778574,0.000476260872665785,0.0251649757607308,UP
Pa09g1651,41240.1348378872,1.07445630339242,0.307792963376648,3.49084102380082,0.000481502672239216,0.0251649757607308,UP
Pa05g1290,3226.37290318362,-1.50662901361249,0.431719374820534,-3.48983414107553,0.000483320414702698,0.0251886014273531,Down
Pa05g0677,4884.45208885407,1.35181735390649,0.387429486574128,3.48919584273265,0.000484476058043414,0.0251905172535552,UP
Pa09g1061,4825.45875439907,-1.20802786953389,0.346826134590259,-3.48309354184353,0.000495655144125743,0.025712396117159,Down
Pa05g0161,1545.14077755059,1.46521320280623,0.421364702392829,3.47730408951115,0.000506483034473133,0.02617474898223,UP
Pa06g1141,1077.0759134872,-1.36010127956423,0.391161115520279,-3.47708712752589,0.000506893069034923,0.02617474898223,Down
Pa02g1984,23.6257081482896,-8.01104626607308,2.30449338084454,-3.47627219616367,0.000508435966485606,0.026194341760771,Down
Pa04g2611,30.8696146696901,-8.3969244581785,2.41697099604582,-3.47415193310797,0.000512470766420209,0.0262910110370487,Down
Pa06g0699,293.519209232725,-2.99324399761263,0.861653710419609,-3.4738363700134,0.000513073819328407,0.0262910110370487,Down
Pa05g2577,8481.34943135464,1.71692545820317,0.494299935746107,3.47344867769728,0.000513815619450183,0.0262910110370487,UP
Pa08g2888,9982.56889019004,-1.20910603509022,0.348319196957865,-3.47125867781694,0.000518024714169192,0.0264462775845923,Down
Pa09g1263,82.3539800522153,-5.35261427805763,1.54270054103837,-3.46963920454379,0.000521157924560103,0.0265460396234076,Down
Pa10g0864,13542.2737428005,-1.06911507929478,0.30837769457179,-3.46690145919711,0.000526494865006703,0.0267573485118756,Down
Pa11g0222,702.482315192851,-1.37937478201206,0.398138811301701,-3.4645574429236,0.000531104699466976,0.0269308360445935,Down
Pa06g2237,658.572770408216,-1.63120284126561,0.471241359198446,-3.46150185976925,0.000537170408730706,0.0271772013082317,Down
Pa10g2013,518.304361995297,2.52897589759907,0.731056649258654,3.45934326726068,0.00054149431961868,0.0272733850377963,UP
Pa03g1406,412.912731828832,-2.07036997179668,0.598479656300265,-3.45938236997975,0.000541415704787165,0.0272733850377963,Down
Pa11g2074,704.390839706008,2.8315944088523,0.818738024365968,3.45848650555237,0.000543219484645465,0.0272992041904196,UP
Pa01g0230,1987.89488178998,-4.4454245974743,1.28628486794517,-3.45601873135291,0.00054821722300579,0.0274785650358656,Down
Pa12g0762,194.404821041551,-2.28324663973491,0.660753143960338,-3.45552141613717,0.000549229557881298,0.0274785650358656,Down
Pa02g1147,23.7743270231091,-8.01838682501042,2.32404203707551,-3.45019009858379,0.000560191931445638,0.0278671516222577,Down
Pa07g0343,73.8753400671303,-2.85235724139405,0.826784432948416,-3.44994067101892,0.00056070976658447,0.0278671516222577,Down
Pa08g0090,676.176246152712,-2.27684172105775,0.659913935573066,-3.45021009304881,0.000560150440340846,0.0278671516222577,Down
Pa03g4693,1522.7384899418,2.82131483151376,0.819169146117423,3.44411754872093,0.000572926554373491,0.0284116045047682,UP
Pa03g2555,364.254047868929,-1.83297167347228,0.532558630902595,-3.44182136409227,0.00057781168419336,0.028480896850115,Down
Pa11g0589,276.04926968944,-1.76009027061376,0.511404757309075,-3.44167754691032,0.000578118942013972,0.028480896850115,Down
Pa02g2305,828.236870082743,-1.4179827987598,0.411892827236758,-3.44260133946139,0.000576147954694626,0.028480896850115,Down
Pa01g2815,27.973603934749,8.26418789835409,2.4020633938215,3.44045370309998,0.00058073978195642,0.028547544652766,UP
Pa01g2826,825.636552391748,1.29172093213445,0.375564527981164,3.43941143504168,0.000582980498142509,0.0285952569393909,UP
Pa07g3496,611.213780888739,-1.33487213025647,0.388490067459794,-3.43605214667327,0.000590257349308194,0.0288892477441841,Down
Pa10g1366,4892.90511459694,-2.22022061405064,0.647275354581016,-3.43010219427835,0.000603353962030485,0.029338900866424,Down
Pa12g0912,160.423379860012,2.06565698626182,0.602167098869207,3.43037171931323,0.000602754901617842,0.029338900866424,UP
Pa06g0752,1581.24912558055,-1.29471871036596,0.377389273139318,-3.43072472515135,0.000601971129724914,0.029338900866424,Down
Pa01g3070,112.932630650048,4.82400891452404,1.40667498385388,3.4293699467859,0.00060498429242829,0.0293547766373502,UP
Pa04g0795,155.846667088779,-4.32840044691606,1.26281515781029,-3.42758037084497,0.000608986007717033,0.0294853999521318,Down
Pa02g0654,2589.53850611679,-3.70346711875647,1.08150036352355,-3.42437898651324,0.000616206213484327,0.0297709585630604,Down
Pa03g4502,1532.27735680667,1.61182785311897,0.471252026606467,3.42030964773967,0.000625498935622122,0.030155209928472,UP
Pa09g0719,223.450150478148,4.03939309121083,1.18144949680805,3.4190146105476,0.000628483517161996,0.0302343544986863,UP
Pa03g2630,3198.37028972364,-1.49729339504274,0.43841332070042,-3.41525524965945,0.000637222673137298,0.0305894056780664,Down
Pa01g2620,703.439517277035,3.11151506774605,0.91196606569079,3.41187592916537,0.0006451747141784,0.0308481890361608,UP
Pa01g2827,6107.55165928483,1.25984334853108,0.36926058365101,3.4118002416466,0.000645353870304332,0.0308481890361608,UP
Pa01g1706,598.47928788712,-1.68524903279439,0.494825327956451,-3.40574529552519,0.000659837075761131,0.0314736693298434,Down
Pa03g2245,2058.55207022918,3.704931685073,1.08816307915066,3.40475775741701,0.000662227701591165,0.0314783402005874,UP
Pa06g0053,2173.16079212822,1.79899468456635,0.528408927108494,3.40455013584011,0.000662731334062291,0.0314783402005874,UP
Pa02g3053,739.842617871657,-1.27800841060639,0.375490652931019,-3.40356917177687,0.000665115701430259,0.0315250840042123,Down
Pa03g4208,106.850779823195,-5.7370021489082,1.68724861980723,-3.40021149317263,0.000673337506825782,0.0317809656785653,Down
Pa05g3429,114.716670142385,-3.17582545594393,0.933934802635388,-3.40047875609984,0.000672679626266233,0.0317809656785653,Down
Pa03g1711,239.475202165815,-2.52098141378403,0.742317991231127,-3.3960936466096,0.000683549688424432,0.0321417823148058,Down
Pa10g1724,133.125258351969,-2.03013639292379,0.597806022325327,-3.39597848985701,0.0006838373336054,0.0321417823148058,Down
Pa03g4640,354.127554351437,-5.84594736357814,1.72536440926696,-3.3882392219171,0.000703428837614545,0.0329937434376122,Down
Pa03g4137,14448.0662280478,-1.68967350751069,0.499071966356366,-3.38563097391883,0.000710148117216189,0.0332396563638363,Down
Pa04g0944,34.5129108483833,-8.55775208787393,2.53203989694068,-3.379785641693,0.000725423834744016,0.0338734731758801,Down
Pa01g1738,1120.60123706795,2.11002223108675,0.6243956706245,3.37930310915893,0.000726698389622016,0.0338734731758801,UP
Pa08g0106,689.283613231021,-1.61403899034813,0.477728661007053,-3.3785684680206,0.000728642855803763,0.0338835061068644,Down
Pa11g1347,31961.9319497184,-1.48546679777756,0.439736284160385,-3.37808557375213,0.000729923623604391,0.0338835061068644,Down
Pa02g4748,29714.0562008949,-1.70440122875328,0.505113523526283,-3.37429340013423,0.000740054438916083,0.0342127015149008,Down
Pa03g1521,4190.64777078636,1.15844364096323,0.343305385260346,3.37438237412071,0.000739815255693054,0.0342127015149008,UP
Pa04g2662,1350.09036354162,-2.49756934522192,0.74066787431508,-3.37205032354279,0.000746108142813305,0.0342813851577525,Down
Pa02g4530,228.313697570648,-1.76464065977796,0.523276523474743,-3.37229090282919,0.000745456663047952,0.0342813851577525,Down
Pa05g0843,2853.24678298133,1.40690454552439,0.417112859634334,3.37295893192496,0.000743650434217347,0.0342813851577525,UP
Pa01g0941,1704.93054745961,3.80038255369361,1.12760297659854,3.37031972472937,0.000750810145257045,0.0342875042805621,UP
Pa01g1734,51.1802418861364,3.58743617279413,1.06431760660441,3.3706443927386,0.000749925937134299,0.0342875042805621,UP
Pa12g0261,3636.12236149064,-1.11484027363215,0.330686541331454,-3.37129013216999,0.000748170189531756,0.0342875042805621,Down
Pa10g1959,2024.55879700278,-1.40574244673918,0.417427605228526,-3.36763172615186,0.000758167976464505,0.0345534287897204,Down
Pa09g1018,127.638874250081,2.31376052526693,0.687240092104953,3.36674264474311,0.000760616347748965,0.0345949827337782,UP
Pa04g2774,1392.85547867337,-3.27549154860688,0.973344285917061,-3.36519317573308,0.000764900862368746,0.0347197137406652,Down
Pa01g4609,345.794016169634,-2.42974856134554,0.72224772440265,-3.3641484483113,0.000767802326754242,0.0347812909145775,Down
Pa06g0107,1520.88515045172,-1.20987398392171,0.359890564929248,-3.3617830024512,0.000774409550935719,0.0350101538750337,Down
Pa05g2264,421.211671991127,-2.68225974656088,0.798053837877237,-3.36100099925024,0.000776605445811941,0.0350390681503207,Down
Pa06g0162,36.5686434091895,7.16870256361531,2.13492411753652,3.35782546308355,0.000785582000185645,0.0353731863043592,UP
Pa03g4129,2857.52159786884,-1.16045837887524,0.345764059175617,-3.35621458644964,0.000790172329820153,0.0355088619432554,Down
Pa08g0436,3048.61745043853,-2.42873869021367,0.724051597660228,-3.35437239288214,0.000795452325047299,0.0356749275819022,Down
Pa02g2818,57.2348771029199,5.01386486532912,1.49578967464674,3.35198520909249,0.000802343052521003,0.0357702009593225,UP
Pa05g2090,163.775430535149,-2.29229965595943,0.683843142200588,-3.35208400070063,0.000802056790199762,0.0357702009593225,Down
Pa02g4108,2251.29684284806,-1.49414422051523,0.44562859261374,-3.35289127601001,0.000799721147721717,0.0357702009593225,Down
Pa07g2884,925.699145057906,-1.74069475665337,0.520273346189488,-3.34573118035417,0.000820659159279049,0.0365030115120343,Down
Pa01g1799,2642.81728241834,1.36199375154665,0.40714007401013,3.34527067829919,0.000822023045065355,0.0365030115120343,UP
Pa11g1915,4661.38896121301,-1.3222262480277,0.395344034471851,-3.34449525662905,0.000824324392612625,0.0365331483765367,Down
Pa02g0466,985.999558222058,-4.71635142797744,1.41053106081477,-3.34367073437797,0.000826778020069962,0.0365699024437232,Down
Pa08g2445,1485.45842065567,-1.85854764450903,0.555942792854814,-3.34305555966511,0.000828613078925465,0.036579205605741,Down
Pa11g1456,491.132393030261,-1.7900187097455,0.535909334532702,-3.34015213843279,0.000837325059293031,0.0368914606358577,Down
Pa02g2233,4781.09032855768,1.34126297847042,0.401903201490834,3.33727866186458,0.000846030775108047,0.0372022204507472,UP
Pa08g1659,1102.42022061288,1.65693699279584,0.496714500836927,3.33579347895829,0.000850563241809028,0.0373286175947144,UP
Pa01g4553,130.237317345565,-5.30161008953976,1.58992676930307,-3.33449954544993,0.000854530401175568,0.0374297615798964,Down
Pa03g1384,37.5902347227304,-4.15338673465307,1.24690115671849,-3.33096710374676,0.000865448292038556,0.0377610520289846,Down
Pa05g3315,160.981284822246,-2.45877574688727,0.738051017897259,-3.33144415123555,0.000863966341250412,0.0377610520289846,Down
Pa02g2591,5730.62216595546,-1.22319499518816,0.367624004569155,-3.32729903375517,0.000876922155659995,0.0381876700435767,Down
Pa01g1133,136.250579877801,-2.44889389610355,0.73650414376292,-3.32502392123927,0.000884109491155292,0.0384263341387456,Down
Pa08g2336,127.589650158651,-4.97567277753464,1.49674371687449,-3.32433182878152,0.00088630669795647,0.038447608858944,Down
Pa05g2665,428.261562949705,4.4039109551288,1.32590791733153,3.32143046855917,0.000895572936711784,0.0387748636483252,UP
Pa05g1535,756.150292399801,1.71778856758906,0.517373196168968,3.32021175489743,0.000899491927018285,0.0388697912569859,UP
Pa02g1911,1194.35933177061,-1.50658043311653,0.453878408315245,-3.31934810186017,0.000902278773555684,0.0389155254939323,Down
Pa01g2061,505.626282702318,-1.33882605557118,0.403592066549874,-3.31727545344534,0.000908999501060994,0.0391304297646027,Down
Pa03g3153,321.224399332874,3.37678385387066,1.01832308490495,3.31602406340995,0.000913079663212266,0.039231060186185,UP
Pa01g3033,401.300991074181,-2.52480063171006,0.761918961167206,-3.31373907251534,0.00092057370468132,0.0394026547285081,Down
Pa12g0287,470.678565722736,-2.25250037219734,0.679679036916812,-3.31406480096139,0.000919501947298545,0.0394026547285081,Down
Pa07g2707,2720.10525303216,2.0655302591102,0.62388950169205,3.31073091229822,0.000930526426184359,0.0397530777212802,UP
Pa09g1976,3686.52527927607,-1.50463720315021,0.454681219297171,-3.30921344293925,0.000935584830218286,0.039893478915785,Down
Pa01g4175,575.917855972989,-1.7688424428307,0.53466974479171,-3.30828976215922,0.000938676331897219,0.0399496388210473,Down
Pa07g2175,6436.25453230009,4.05740485880092,1.2272952109089,3.30597302322734,0.000946471995949595,0.0402054160694513,UP
Pa01g4762,13172.169913712,1.38165708583317,0.418066423066863,3.30487455963954,0.000950189169829962,0.0402873050274045,UP
Pa01g0068,163.727876913323,2.54955505042969,0.772119109365646,3.30202299037041,0.000959902020730856,0.0406226204788242,UP
Pa01g0019,8339.85438567768,1.30079722647223,0.394186193557257,3.2999563346789,0.000966998728658068,0.0408461714390389,UP
Pa02g2361,31.3367840824591,-8.4185214430271,2.55359726052517,-3.29673029226847,0.0009781738503442,0.0411323602579569,Down
Pa06g2138,588.687586241328,5.17306253211489,1.56929714519256,3.29642002342401,0.000979254912421822,0.0411323602579569,UP
Pa02g1037,407.158007272464,-2.04424406222749,0.620107235156682,-3.29659766300094,0.000978635831922606,0.0411323602579569,Down
Pa07g1144,89.0356537137717,-4.99699992053159,1.51672116717589,-3.2946068326032,0.000985594724184692,0.0412657743909912,Down
Pa11g1727,45.9143975515289,-3.73088293181111,1.13266521062891,-3.29389734654208,0.000988085766664662,0.0412657743909912,Down
Pa09g1819,1256.29246417345,-2.64925640819458,0.804408755155592,-3.29342065363541,0.000989762733016579,0.0412657743909912,Down
Pa07g3417,1316.53917985464,2.44088569411893,0.741037865491003,3.29387445336769,0.000988166242790759,0.0412657743909912,UP
Pa03g1378,19.872541045426,-7.75992802018998,2.35845904570981,-3.29025345354451,0.00100097177070457,0.0414262471427254,Down
Pa05g2091,158.699442263666,-2.46792871788904,0.749918937598881,-3.29092731781243,0.000998577101749688,0.0414262471427254,Down
Pa02g2354,1728.18785547433,-2.10365270304376,0.639183414300366,-3.29115658507247,0.000997763579088854,0.0414262471427254,Down
Pa05g3576,1448.35556127134,1.34871571668637,0.409866761996742,3.29061988368085,0.000999668952397365,0.0414262471427254,UP
Pa02g0025,42.5841636896969,-5.05064599590412,1.53665763825363,-3.28677375504673,0.00101342218210309,0.0417878882928003,Down
Pa08g1747,667.720231543703,-1.47392043282167,0.448400867988528,-3.28705972277329,0.00101239360456502,0.0417878882928003,Down
Pa07g1458,3144.9549053665,-2.48994087903443,0.75795459018414,-3.28507922675092,0.00101953698818804,0.041886598087711,Down
Pa04g0509,2347.56627014798,1.62494375564903,0.494582256856514,3.28548736458302,0.00101806108447341,0.041886598087711,UP
Pa03g3728,1696.01004648693,-2.26233110103051,0.688904623524816,-3.2839540101432,0.00102361624693236,0.041977588676567,Down
Pa01g2009,806.158691322004,-1.26651114856901,0.385832306021519,-3.2825430343782,0.00102875281828609,0.0421115290016238,Down
Pa08g0305,4608.11627622709,2.80866226293038,0.856499057022517,3.27923567446092,0.00104088669369728,0.0425308947765889,UP
Pa01g1178,569.129014707576,-2.46605709858574,0.752345552200879,-3.27782505176198,0.0010461020911611,0.0426665624644945,Down
Pa05g0278,1571.78645313837,-4.77762546509076,1.45845548042798,-3.27581165774684,0.00105358796808745,0.0428784807288922,Down
Pa02g2797,153.896161909958,-3.00658295257032,0.917927158784136,-3.27540472443671,0.00105510697005447,0.0428784807288922,Down
Pa10g1469,3539.5644181327,-1.6680427431895,0.509471773625329,-3.2740631170201,0.00106012929011051,0.0430049564640504,Down
Pa04g2748,104.491138530781,-3.65033352564861,1.11598685466961,-3.27094670548721,0.00107188108338975,0.0434034725025841,Down
Pa09g2062,2292.91691429357,-2.62044087215483,0.802794954222815,-3.26414716282276,0.00109794121023313,0.044299369905356,Down
Pa01g1637,692.783317746109,-2.30123672241769,0.704924709610535,-3.26451419711065,0.00109651967622113,0.044299369905356,Down
Pa12g2691,209.722859311417,-2.68751819556924,0.823965457505256,-3.26168793981524,0.00110750990045608,0.0446055060802652,Down
Pa02g2180,594.347973286716,-1.43438475422602,0.440342567994787,-3.25742923460218,0.00112426286585586,0.0451923946088109,Down
Pa11g1574,1800.645231089,-1.42659115958643,0.43801220063971,-3.25696671805698,0.00112609635673549,0.0451923946088109,Down
Pa08g2127,201.829760565358,-3.06350637180233,0.941106307435281,-3.25521819118507,0.00113305281002054,0.0452297002922029,Down
Pa06g0725,736.70001081026,-1.43892096931248,0.441999789794702,-3.25547885436964,0.00113201325706996,0.0452297002922029,Down
Pa11g1441,4817.95300500507,-1.39466188258154,0.428375244033212,-3.25570140200121,0.00113112641088402,0.0452297002922029,Down
Pa01g1207,201.742787714307,4.47803976935383,1.37634190105927,3.2535809350187,0.0011396025706957,0.0454081970897716,UP
Pa07g2563,2316.19510258548,-1.5249930437628,0.46878237855592,-3.25309378833848,0.00114155812173806,0.0454081970897716,Down
Pa06g1324,1565.42552847745,-1.25430677395208,0.385669236718526,-3.25228629751332,0.0011448064625382,0.0454570947047357,Down
Pa04g2883,5247.69810576311,-4.1255338255621,1.26920858219373,-3.25047741044379,0.00115211420961288,0.0455095900708386,Down
Pa01g1232,248009.960999694,1.87304128321612,0.576239182253153,3.25045804051773,0.00115219269522866,0.0455095900708386,UP
Pa10g1353,1477.0553769248,1.6721292309076,0.514407892372624,3.25059015559651,0.00115165747204318,0.0455095900708386,UP
Pa11g1522,5701.65788044335,-2.84347584614333,0.875040236202071,-3.24953725383514,0.00115592936592294,0.0455772219691578,Down
Pa04g1578,21.2922358675198,-7.85923695194094,2.41937241306682,-3.24846100976181,0.00116031109747716,0.0456700070779733,Down
Pa07g3232,28163.3850165294,-1.8681522833745,0.575989550376381,-3.2433787768437,0.00118121063285532,0.0463900464100148,Down
Pa06g0486,3024.45559040351,-1.29748392385674,0.400085873593342,-3.24301358656701,0.00118272571019581,0.0463900464100148,Down
Pa03g0106,1024.21027066789,2.09812311440838,0.647241489987853,3.24163878067791,0.00118844553218757,0.0465333264550799,UP
Pa03g3650,196.039642182463,-2.74473435068572,0.847469126233712,-3.2387425874542,0.00120057874562975,0.0466047975017407,Down
Pa08g3319,758.278727390893,-2.73526090408524,0.844164212895324,-3.24020002542374,0.00119445877270263,0.0466047975017407,Down
Pa12g1784,1513.96942494071,-1.84872707748413,0.570818077092491,-3.23873253436677,0.00120062106027403,0.0466047975017407,Down
Pa02g3371,2808.49254887612,-1.68599075259655,0.520458809220316,-3.23943167591357,0.00119768157167743,0.0466047975017407,Down
Pa05g2661,10072.4626639612,1.30687075380484,0.403341972768905,3.24010601929993,0.00119485264551765,0.0466047975017407,UP
Pa05g3586,2566.55512658608,-2.13047174861036,0.658796007902445,-3.23388685276587,0.00122117825309678,0.0473211827714645,Down
Pa02g2352,1432.40022138726,-1.70358182448437,0.527018728465563,-3.23248820671784,0.00122717201086537,0.0473903098672776,Down
Pa08g2874,2405.1875044261,-1.06721136272068,0.330101959178166,-3.23297494318923,0.00122508307480799,0.0473903098672776,Down
Pa07g0197,114.335598052749,6.14344071249214,1.90278561040831,3.22865628102676,0.00124373281417169,0.0479476037298996,UP
Pa03g3350,175.604789287123,-2.34462998181785,0.726757196124003,-3.22615310081883,0.00125466223019354,0.0482862657274825,Down
Pa07g2038,21.3802963862461,7.87639714736031,2.44255069404385,3.22466066582236,0.00126122064566253,0.0483732906583411,UP
Pa02g1449,982.852650707988,-1.35650054341158,0.420645162107014,-3.22480956780023,0.00126056488631653,0.0483732906583411,Down
Pa07g0383,3047.16728063562,1.03293587307158,0.320497988430628,3.22290906763415,0.00126895830565389,0.048587291315462,UP
Pa01g4586,4968.59931626786,-1.10851478987435,0.344048795590235,-3.22196968593547,0.00127312604229002,0.0486641081767699,Down
Pa08g0150,50.7133583363877,-3.19334011066226,0.992503152292176,-3.21746092522454,0.00129330642267774,0.049184967567849,Down
Pa10g0539,1204.34364064908,-1.60127422574513,0.497583456563438,-3.21810181713905,0.00129042001949464,0.049184967567849,Down
Pa05g3051,1723.57884684966,-1.19823713584863,0.372395462397928,-3.21764698241204,0.00129246785834404,0.049184967567849,Down
Pa09g1216,15540.8522292735,1.01302894090242,0.314991577577345,3.21605088203881,0.00129967786431737,0.0493439248520089,UP
Pa02g4153,5963.39570971551,4.48772672981636,1.39589996277308,3.21493434307505,0.00130474361193046,0.0494528580454587,UP
Pa01g1552,390.911641009237,-3.92163904886405,1.22030729769557,-3.2136487721328,0.00131059882503263,0.0495912973895542,Down
